INSERT INTO cruise.liner VALUES 
(1, 'Прованс сталь', 5), 
(2, 'Сильвас', 3),
(3, 'Принц Увельський', 7),
(4, 'Бадиста енерно', 20),
(5, 'Морський кришталевий наїздник', 32);

INSERT INTO cruise.route VALUES
(1, 'Азійське море'),
(2, 'Бермудський архіпелаг'),
(3, 'Червоне море'),
(4, 'Європейське море'),
(5, 'Кругосвітня подоріж Амстердам - Сідней');

INSERT INTO cruise.route_point (id, route_id, name) VALUES
(1, 1, 'Порт Сан-Марино (Іспанія)'),
(2, 1, 'Порт Лепласка (Іспанія)'),
(3, 1, 'Порт Чьордин (Іспанія)'),
(4, 1, 'Порт Фінегал (Іспанія)'),
(5, 1, 'Порт Безіменний-Принц (Іспанія)'),
(6, 1, 'Порт Сан-Марино (Іспанія)'),
(7, 2, 'Порт Сан-Марино (Іспанія)'),
(8, 2, 'Порт Леплас (Португалія)'),
(9, 2, 'Порт Чорджин (Іспанія)'),
(10, 3, 'Порт Ліасполь'),
(11, 3, 'Порт Сандрин (Англія)'),
(12, 3, 'Порт Кадент (Англія)'),
(13, 3, 'Порт Фьорна (Англія)'),
(14, 3, 'Порт Сиппель-Трініті (Ірландія)'),
(15, 3, 'Порт Леплас (Ірландія)'),
(16, 3, 'Порт Чорджин (Ірландія)'),
(17, 3, 'Порт Сандрин (Англія)'),
(18, 4, 'Порт Леплас (Іспанія)'),
(19, 4, 'Порт Кьорт (Португалія)'),
(20, 4, 'Порт Льосас (Греція)'),
(21, 4, 'Порт Абідел-сін (Італія)'),
(22, 4, 'Порт Безіменний-Принц (Іспанія)'),
(23, 5, 'Порт Креаполь (Англія)'),
(24, 5, 'Порт Філіпс (Філіпіни)'),
(25, 5, 'Порт Андерос (Австралія)'),
(26, 5, 'Порт Сиппель-Трініті (Японія)'),
(27, 5, 'Порт Колотокіто (Данія)'),
(28, 5, 'Порт Сьоний (Швеція)'),
(29, 5, 'Порт Зелена Миля (Бразилія)'),
(30, 5, 'Порт Анкутрджин (Ванкувер)'),
(31, 5, 'Порт Нью-Йорк (Нігерія)'),
(32, 5, 'Порт Ась (Греція)'),
(33, 5, 'Порт Абідел-сін (Італія)'),
(34, 5, 'Порт Безіменний-Принц (Іспанія)');

INSERT INTO cruise.cruise_status VALUES
(1, 'STATUS_NEW'),
(2, 'STATUS_LOAD'),
(3, 'STATUS_FULL'),
(4, 'STATUS_IN_PROCESS'),
(5, 'STATUS_DONE'),
(6, 'STATUS_CANCEL');

INSERT INTO cruise.cruise (id, name, liner_id, route_id, start_date_time, end_date_time, price, status_id, description, image_name) VALUES 
(1, 'Подоріж навколо Азійського моря січень 2022', 1, 1, '2022-06-07 09:00:00', '2022-06-30 21:00:00', 1200.50, 4, 'Найкращий круїз, що покаже вам незабутню подорож по всіх відомих місцях навколо Азійського моря', '1.jpg'),
(2, 'Круїз Бермундським архіпелагом березень 2022', 2, 2, '2022-07-25 11:25:00', '2022-08-01 12:00:00', 5000, 2, 'Є такі речі, які обов`язково потрібно спробувати в житті. Наприклад, відправитися в подорож на круїзному лайнері по Бермудськии архіпелагам.', '2.jpg'),
(3, 'Європейський туризм по морю', 5, 4, '2022-05-25 11:25:00', '2022-07-01 12:00:00', 14999.99, 2, 'Євро́па — частина світу в Північній півкулі. Омивається Північним Льодовитим океаном на півночі, Атлантичним океаном на заході та Середземним морем на півдні. На сході та південному сході відокремлена від Азії Уральськими та Кавказькими горами, річкою Урал, Каспійським та Чорним морями.', '3.jpg'),
(4, 'Світова подорож Амстердам - Сідней 2022', 3, 5, '2022-06-25 11:25:00', '2022-09-01 12:00:00', 50000, 2, 'Це проект про подорожі світом та Україною від українських мандрівників. Дуже любимо подорожувати і відкривати для себе нові місця, а ще більше нові країни.', '4.jpg'),
(5, 'Круїз Бермундським архіпелагом вересень 2022', 2, 2, '2022-09-28 11:25:00', '2022-10-13 12:00:00', 5000, 2, 'Є такі речі, які обов`язково потрібно спробувати в житті. Наприклад, відправитися в подорож на круїзному лайнері по Бермудськии архіпелагам.', '5.jpg'),
(6, 'Світова подорож Амстердам - Сідней 2023', 3, 5, '2023-06-25 11:25:00', '2023-09-01 12:00:00', 50000, 2, 'Це проект про подорожі світом та Україною від українських мандрівників. Дуже любимо подорожувати і відкривати для себе нові місця, а ще більше нові країни.', '6.jpg'),
(7, 'Подоріж навколо Азійського моря березень 2022', 1, 1, '2022-03-25 09:00:00', '2022-03-29 21:00:00', 1200.50, 2, 'Найкращий круїз, що покаже вам незабутню подорож по всіх відомих місцях навколо Азійського моря', '7.jpg'),
(8, 'Подоріж навколо Азійського моря травень 2022', 1, 1, '2022-05-24 09:00:00', '2022-05-28 21:00:00', 1200.50, 2, 'Найкращий круїз, що покаже вам незабутню подорож по всіх відомих місцях навколо Азійського моря', '8.jpg'),
(9, 'Подоріж навколо Азійського моря липень 2022', 1, 1, '2022-07-01 09:00:00', '2022-07-04 21:00:00', 1200.50, 2, 'Найкращий круїз, що покаже вам незабутню подорож по всіх відомих місцях навколо Азійського моря', '9.jpg'),
(10, 'Подоріж навколо Азійського моря січень 2023', 1, 1, '2023-01-12 09:00:00', '2023-01-16 21:00:00', 1200.50, 2, 'Найкращий круїз, що покаже вам незабутню подорож по всіх відомих місцях навколо Азійського моря', '10.jpg'),
(11, 'Круїз Бермундським архіпелагом березень 2023', 2, 2, '2023-03-25 11:25:00', '2023-05-01 12:00:00', 5000, 2, 'Є такі речі, які обов`язково потрібно спробувати в житті. Наприклад, відправитися в подорож на круїзному лайнері по Бермудськии архіпелагам.', '11.jpg'),
(12, 'Новий європейський туризм по морю', 5, 4, '2022-09-02 11:25:00', '2022-12-12 12:00:00', 14999.99, 2, 'Євро́па — частина світу в Північній півкулі. Омивається Північним Льодовитим океаном на півночі, Атлантичним океаном на заході та Середземним морем на півдні. На сході та південному сході відокремлена від Азії Уральськими та Кавказькими горами, річкою Урал, Каспійським та Чорним морями.', '12.jpg'),
(13, 'Світова подорож Амстердам - Сідней 2024', 3, 5, '2024-01-25 11:25:00', '2024-05-01 12:00:00', 50000, 2, 'Це проект про подорожі світом та Україною від українських мандрівників. Дуже любимо подорожувати і відкривати для себе нові місця, а ще більше нові країни.', '13.jpg'),
(14, 'Круїз Бермундським архіпелагом вересень 2023', 2, 2, '2023-09-17 11:25:00', '2023-09-30 12:00:00', 5000, 2, 'Є такі речі, які обов`язково потрібно спробувати в житті. Наприклад, відправитися в подорож на круїзному лайнері по Бермудськии архіпелагам.', '14.jpg'),
(15, 'Світова подорож Амстердам - Сідней 2025', 3, 5, '2025-06-25 11:25:00', '2025-08-26 12:00:00', 50000, 2, 'Це проект про подорожі світом та Україною від українських мандрівників. Дуже любимо подорожувати і відкривати для себе нові місця, а ще більше нові країни.', '15.jpg'),
(16, 'Подоріж навколо Азійського моря березень 2023', 1, 1, '2022-03-25 09:00:00', '2022-04-05 21:00:00', 1200.50, 2, 'Найкращий круїз, що покаже вам незабутню подорож по всіх відомих місцях навколо Азійського моря', '16.jpg'),
(17, 'Подоріж навколо Азійського моря травень 2023', 1, 1, '2022-05-25 09:00:00', '2022-06-05 21:00:00', 1200.50, 2, 'Найкращий круїз, що покаже вам незабутню подорож по всіх відомих місцях навколо Азійського моря', '17.jpg'),
(18, 'Подоріж навколо Азійського моря липень 2023', 1, 1, '2022-07-25 09:00:00', '2022-08-05 21:00:00', 1200.50, 2, 'Найкращий круїз, що покаже вам незабутню подорож по всіх відомих місцях навколо Азійського моря', '18.jpg');

INSERT INTO cruise.user_role VALUES
(1, 'ROLE_BLOCKED'),
(2, 'ROLE_USER'),
(3, 'ROLE_ADMIN'),
(4, 'ROLE_OWNER');

INSERT INTO cruise.ticket_status VALUES
(1, 'STATUS_NEW'),
(2, 'STATUS_APPROVED'),
(3, 'STATUS_PAYED'),
(4, 'STATUS_OUTDATED'),
(5, 'STATUS_DENIED');


INSERT INTO cruise.user (id, login, password, role_id, last_login_date_time) VALUES 
(1, 'admin', 'ffc96093f59e0d9c782dafcc5bac9ef6d5779777363b20158f915a7caad3cc13', 3, DEFAULT),
(2, 'new_admin', '7f81aaccd1c66c443c26bd0bdaea72c4735d31d44895aa40c62f5ba38ab37e56', 3, DEFAULT),
(3, 'user1', '454a3174b64f620b8a27a48e0e7dbf2cab05605ea15af9f2b67fed2ec28c5a60', 2, DEFAULT),
(4, 'user2', '4f9dd737d2cd22b291348fadb39196fd429f63323dd4c482d5637367b23cab81', 2, DEFAULT);

INSERT INTO cruise.ticket (id, cruise_id, user_id, position, image_name, price, status_id) VALUES
(1, 1, 1, 1,'docs1.jpg', 355.55, 1),
(2, 1, 2, 3, 'docs2.png', 355.55, 1),
(3, 1, 3, 2,'docs3.jpg', 355.55, 1);